{
  "packages": [
    {
      "name": "nulllab avr compatible boards",
      "maintainer": "nulllab.org",
      "websiteURL": "https://github.com/nulllaborg/arduino_nulllab",
      "email": "nulljun@nulllab.cn",
      "help": {
        "online": "www.nulllab.org"
      },
      "platforms": [
        {
          "name": "Nulllab AVR Compatible Boards",
          "architecture": "avr",
          "version": "2.0.0",
          "category": "lgt8fx",
          "url": "https://github.com/nulllaborg/arduino_nulllab/archive/master.zip",
          "archiveFileName": "master.zip",
          "help": {
            "online": "https://github.com/nulllaborg/arduino_nulllab/issues"
          },
          "boards": [
            {"name": "Nulllab Mini-Nano"},
            {"name": "Nulllab Nano/Maker-Nano"},
            {"name": "Nulllab Mango Uno"},
            {"name": "Nulllab Orion"},
            {"name": "DIY Boards"}
          ]
        },
        {
          "name": "Nulllab AVR Compatible Boards",
          "architecture": "avr",
          "version": "1.0.1",
          "category": "lgt8fx",
          "url": "https://github.com/nulllaborg/arduino_nulllab/releases/download/v1.0.1/nulllab_arduino-1.0.1.zip",
          "archiveFileName": "nulllab_arduino-1.0.1.zip",
          "checksum": "SHA-256:04f040d47e1ee28d19e727afef64a2f1d0b7499d35dedc2fc77c7c4e8066d6be",
          "size": "3393538",
          "help": {
            "online": "https://github.com/nulllaborg/arduino_nulllab/issues"
          },
          "boards": [
            {"name": "Nulllab Mini-Nano"},
            {"name": "Nulllab Nano/Maker-Nano"},
            {"name": "Nulllab Mango Uno"},
            {"name": "Nulllab Orion"},
            {"name": "DIY Boards"}
          ]
        },
        {
          "name": "Nulllab AVR Compatible Boards",
          "architecture": "avr",
          "version": "1.0.0",
          "category": "lgt8fx",
          "url": "https://github.com/nulllaborg/arduino_nulllab/releases/download/v1.0.0/nulllab_arduino-1.0.0.zip",
          "archiveFileName": "nulllab_arduino-1.0.0.zip",
          "checksum": "SHA-256:73914adee0e1364abbfd35e919a7324d22beca7c589474f7e0a26ec62682408d",
          "size": "3583176",
          "help": {
            "online": "https://github.com/nulllaborg/arduino_nulllab/issues"
          },
          "boards": [
            {"name": "Nulllab Mini-Nano"},
            {"name": "Nulllab Nano"},
            {"name": "Nulllab Mango Uno"},
            {"name": "Nulllab Orion"},
            {"name": "DIY Boards"}
          ]
        }
      ],
      "tools": []
    }
  ]
}
