{
  "packages": [
    {
      "name": "nulllab avr compatible boards",
      "maintainer": "nulllab.cn",
      "websiteURL": "https://gitee.com/nulllab/nulllab_arduino",
      "email": "nulljun@nulllab.cn",
      "help": {
        "online": "www.nulllab.cn"
      },
      "platforms": [
        {
          "name": "Nulllab AVR Compatible Boards",
          "architecture": "avr",
          "version": "1.0.4",
          "category": "lgt8fx",
          "url": "http://39.108.252.158:8089/nulllab_arduino-1.0.4.zip",
          "archiveFileName": "nulllab_arduino-1.0.4.zip",
          "checksum": "SHA-256:6f173bb6205022f26bb15140bf94f7813e575a10d07a9d67538ebc824c39b233",
          "size": "1588177",
          "help": {
            "online": "https://gitee.com/nulllab/nulllab_arduino/issues"
          },
          "boards": [
            {"name": "Nulllab Mini-Nano"},
            {"name": "Nulllab Nano/Maker-Nano"},
            {"name": "Nulllab Mango Uno"},
            {"name": "Nulllab Orion"},
            {"name": "DIY Boards"}
          ]
        },
        {
          "name": "Nulllab AVR Compatible Boards",
          "architecture": "avr",
          "version": "1.0.3",
          "category": "lgt8fx",
          "url": "https://github.com/nulllaborg/arduino_nulllab/releases/download/v1.0.3/nulllab_arduino-1.0.3.zip",
          "archiveFileName": "nulllab_arduino-1.0.3.zip",
          "checksum": "SHA-256:fbff13b98211d6de3987ea9f90794c0fa07950eb46e132561cbb4afafa2b2e5b",
          "size": "1575248",
          "help": {
            "online": "https://gitee.com/nulllab/nulllab_arduino/issues"
          },
          "boards": [
            {"name": "Nulllab Mini-Nano"},
            {"name": "Nulllab Nano/Maker-Nano"},
            {"name": "Nulllab Mango Uno"},
            {"name": "Nulllab Orion"},
            {"name": "DIY Boards"}
          ]
        },
        {
          "name": "Nulllab AVR Compatible Boards",
          "architecture": "avr",
          "version": "1.0.2",
          "category": "lgt8fx",
          "url": "https://github.com/nulllaborg/arduino_nulllab/releases/download/v1.0.2/nulllab_arduino-1.0.2.zip",
          "archiveFileName": "nulllab_arduino-1.0.2.zip",
          "checksum": "SHA-256:2efb3f5806dfb995395ebc858ca1998dc74b70063fc168dad064d2dc94f87422",
          "size": "3743744",
          "help": {
            "online": "https://gitee.com/nulllab/nulllab_arduino/issues"
          },
          "boards": [
            {"name": "Nulllab Mini-Nano"},
            {"name": "Nulllab Nano/Maker-Nano"},
            {"name": "Nulllab Mango Uno"},
            {"name": "Nulllab Orion"},
            {"name": "DIY Boards"}
          ]
        },
        {
          "name": "Nulllab AVR Compatible Boards",
          "architecture": "avr",
          "version": "1.0.1",
          "category": "lgt8fx",
          "url": "https://github.com/nulllaborg/arduino_nulllab/releases/download/v1.0.1/nulllab_arduino-1.0.1.zip",
          "archiveFileName": "nulllab_arduino-1.0.1.zip",
          "checksum": "SHA-256:04f040d47e1ee28d19e727afef64a2f1d0b7499d35dedc2fc77c7c4e8066d6be",
          "size": "3393538",
          "help": {
            "online": "https://gitee.com/nulllab/nulllab_arduino/issues"
          },
          "boards": [
            {"name": "Nulllab Mini-Nano"},
            {"name": "Nulllab Nano/Maker-Nano"},
            {"name": "Nulllab Mango Uno"},
            {"name": "Nulllab Orion"},
            {"name": "DIY Boards"}
          ]
        },
        {
          "name": "Nulllab AVR Compatible Boards",
          "architecture": "avr",
          "version": "1.0.0",
          "category": "lgt8fx",
          "url": "https://github.com/nulllaborg/arduino_nulllab/releases/download/v1.0.0/nulllab_arduino-1.0.0.zip",
          "archiveFileName": "nulllab_arduino-1.0.0.zip",
          "checksum": "SHA-256:73914adee0e1364abbfd35e919a7324d22beca7c589474f7e0a26ec62682408d",
          "size": "3583176",
          "help": {
            "online": "https://gitee.com/nulllab/nulllab_arduino/issues"
          },
          "boards": [
            {"name": "Nulllab Mini-Nano"},
            {"name": "Nulllab Nano"},
            {"name": "Nulllab Mango Uno"},
            {"name": "Nulllab Orion"},
            {"name": "DIY Boards"}
          ]
        }
      ],
      "tools": []
    }
  ]
}
